project_id,euroscivoc_id
101083038,54
101083038,69
101083038,319
101080085,69
101080085,794
101218381,380
101171750,115
101171750,381
101221875,148
101221875,380
101221875,796
101221875,818
101171255,818
101130224,109
101130224,143
101130224,330
101130224,351
101130224,809
101067680,351
190118992,69
190118992,313
190118992,796
190163802,796
101063763,329
101063763,818
101248542,330
101248542,350
101248542,818
101220131,82
101220131,131
101220131,330
101220131,402
101220131,471
101220228,472
101140087,69
101077479,351
101077479,796
101072578,79
101072578,109
101072578,338
101220349,503
101220349,815
101220349,852
101201542,351
101208926,145
101225708,387
101225708,392
101225708,803
101210745,863
101210745,864
101212204,815
101219354,377
101188457,95
101188457,796
101163938,796
101186889,176
101186889,330
101186889,380
101186889,521
101186889,796
101165667,808
101187539,380
101141410,111
101141410,318
101141410,348
101168820,136
101125822,305
101136269,54
101136269,506
101136269,509
101155036,148
101155036,808
101146918,72
101146918,378
101136414,330
101136414,380
101136414,796
101120296,69
101120296,378
101114623,506
101114623,881
101120422,69
101120422,377
101120422,387
101120422,567
101120422,818
101138580,350
101105985,312
101105985,387
101105985,392
101105985,836
101113619,69
101086733,111
101086733,127
101106454,143
101106454,196
101106454,809
101106454,818
101113946,69
101113946,351
101113946,796
101106492,380
101106492,402
101106492,818
101106492,1022
101108476,796
101093374,69
101119780,778
101119780,1022
101109934,373
101076898,378
101076898,796
101099697,796
101098717,128
101098717,313
101098717,351
101114899,387
101114899,796
101070549,82
101063362,111
101063362,353
101063362,503
101063362,900
190109269,305
101080173,176
101080173,377
101080173,449
101062995,330
101062995,781
101062995,799
101043851,330
101043851,796
101046911,148
101046911,329
101046911,330
101046911,348
101046911,796
101065295,111
101104947,307
101104947,348
101104947,379
101104947,796
101054751,146
101054751,348
101054751,472
101054751,774
101148998,305
101148998,348
101148998,796
101116169,378
101116169,387
101116169,490
101116169,796
101222086,387
101222086,796
101073355,387
101072316,387
101096435,387
101096435,392
101096435,1027
101202597,387
101202597,473
101119547,387
101119547,457
101060162,387
101096456,387
101077455,387
101145131,387
101189247,387
101213884,387
101068785,387
101068785,796
101087742,387
101124977,246
101124977,387
101161539,111
101161539,346
101161539,387
101161539,796
101212872,387
101212872,796
101115429,450
101041464,330
101041464,450
101057934,448
190113917,448
101098961,118
101098961,448
101197927,448
101171067,148
101171067,330
101171067,380
101171067,387
101171067,521
101097351,82
101097351,148
101097351,156
101097351,166
101161771,98
101153001,119
101153001,305
101040353,119
101161989,119
101161989,348
101220476,119
101220476,371
101088169,113
101088169,119
101088169,349
101205948,119
101205948,349
101198880,119
101198880,378
101222179,119
101210218,109
101210218,348
101077866,329
101077866,348
101131255,75
190145380,69
190145380,796
101201285,60
101178170,60
101178170,324
101178170,388
101076941,69
101076941,387
101125590,69
101125590,111
101169527,69
101169527,378
101169527,387
101169527,503
101199710,69
101199710,372
101199710,1015
101070144,69
101070144,796
101069446,54
101069446,69
101069446,387
101105486,378
101105486,381
101105486,808
101105486,860
101105486,918
101108284,796
101107602,371
101109258,31
101108006,375
101104792,808
101104792,893
101106243,170
101106243,860
101106243,892
101106809,471
101164102,318
101164102,402
101164102,808
101164102,859
101164102,860
101107713,110
101107713,471
101107713,809
101105208,82
101105208,533
101108573,808
101106874,371
101106874,506
101063234,22
101063234,111
101063234,115
101063234,215
101063234,863
101063316,69
101063316,119
101063316,796
101160588,86
101160588,111
101160588,318
101160588,387
101160588,796
101119442,23
101119442,53
101119442,318
101119442,348
101119442,783
190124924,69
101162852,318
101162852,380
101162852,809
101162852,866
101151760,22
101151760,378
101151760,808
101043686,22
101043686,378
101043686,808
101039756,22
101039756,808
101149523,22
101248573,318
101248573,348
101163627,22
101163627,305
101163627,378
101163627,623
101163627,808
101248749,22
101248749,72
101248749,329
190152156,22
190152156,796
101113690,69
101167287,69
101167287,375
101167287,381
101167287,918
101158022,69
190129990,69
101073486,69
101073486,348
101099538,69
101072344,69
101072344,111
101114305,69
101114305,796
101203938,323
101174557,69
101213305,69
101213305,377
101213305,796
101225722,69
101225722,387
101225722,615
101197255,69
101197255,348
101213371,69
101213371,796
101109293,69
101109293,796
101078107,69
101078107,503
101078107,668
101078107,796
101210678,69
101210678,796
101099430,69
101099430,796
101099430,836
101082596,111
101082596,387
101082596,803
101082596,818
101082596,1055
101188241,69
101188241,796
101097272,383
101097272,836
101106345,115
101106345,215
101106345,371
101106345,381
101106345,506
101151140,58
101151140,111
101151140,119
101151140,411
101151140,771
101117882,95
101117882,402
101117882,796
101170477,318
101170477,402
101148213,115
101148213,402
101208361,69
101208361,361
101208361,402
101213658,148
101213658,176
101213658,351
101213658,612
101213658,796
101042680,69
101042680,382
101042680,402
101200860,402
101096610,402
101096610,808
101096610,866
101207481,82
101207481,338
101207481,402
101207481,796
101098310,305
101098310,402
101205787,348
101205787,402
101168795,377
101168795,378
101168795,387
101168795,457
101218253,351
101218253,796
101105814,227
101105814,351
101115548,351
101115548,796
101078696,305
101078696,351
101078696,377
101078696,796
101078696,866
101165353,318
101165353,351
101165353,796
101165353,866
101087096,351
101087096,809
101152827,318
101152827,351
101152827,402
101152827,796
101115315,330
101115315,351
101115315,796
101113096,95
101113096,351
101113096,582
101113096,796
101125759,351
101125759,377
101109997,351
101109997,547
101109997,781
101109997,796
101067977,351
101124770,318
101124770,330
101124770,351
101042414,176
101042414,351
101042414,796
101042414,809
101042414,836
101221654,351
101221654,796
101209345,351
101209345,471
101057977,351
101057977,796
101075962,111
101075962,329
101075962,351
101075962,537
101075962,572
101113901,329
101113901,351
101113901,796
101163917,351
101163917,402
101163917,866
101042707,351
101042707,380
101042707,547
101207941,351
101207941,796
101207941,1026
101203362,305
101203362,318
101203362,351
101203362,387
101203362,809
101149751,305
101149751,351
101149751,796
101150858,330
101150858,348
101150858,351
101150858,380
101150858,796
101109672,318
101109672,351
101109672,796
101054860,351
101054860,471
101064707,351
101064707,796
101124606,351
101204967,351
101204967,796
101054327,351
101054327,796
101042304,351
101042304,559
101042304,796
101062864,53
101062864,351
101062864,796
101153933,351
101204715,330
101204715,351
101204715,380
101204715,796
101201611,111
101201611,351
101244222,119
101244222,348
101244222,349
101244222,472
101132291,471
101136607,124
101136607,411
101186579,111
101186579,115
101069424,312
101069424,529
101069424,771
101054629,312
101054629,1015
101211639,377
101211639,532
101211639,803
101151283,532
101151283,796
101204093,318
101204093,350
101204093,866
101204580,305
101204580,350
101204580,572
101070622,176
101070622,323
101070622,329
101070622,350
101070622,380
101141942,348
101141942,350
101141942,375
101206221,115
101206221,350
101088331,350
101088331,387
101088331,547
101066781,350
101066781,1030
101116599,350
101116599,582
101060306,329
101060306,350
101060306,380
101039375,318
101039375,329
101039375,350
101070441,350
101070441,380
101070441,449
101124492,350
101124492,351
101042989,22
101042989,348
101042989,350
101042989,378
101043229,305
101043229,350
101043229,380
101043229,593
101187231,72
101187231,350
101187231,351
101187231,796
101188720,350
101111896,319
101111896,330
101111896,350
101111896,380
101111896,547
101109698,329
101109698,350
101109698,796
101130304,349
101130304,350
101130304,357
101130304,878
101070195,350
101070195,380
101159049,176
101159049,305
101159049,350
101159049,796
101136471,350
101203931,330
101203931,338
101203931,348
101203931,351
101203931,402
101154100,318
101154100,631
101154100,899
101154100,1022
101059826,87
101059826,110
101059826,111
101059826,113
101166158,139
101166158,305
101109916,372
101109916,393
101109916,819
101150724,351
101136793,380
101136793,393
101136793,796
101081361,23
101081361,69
101081361,348
101081361,452
101187962,143
101187962,305
101159159,143
101159159,329
101248662,143
101248662,351
101248662,796
101248662,1026
101225776,69
101225776,143
101189009,143
101189009,380
101189009,448
101119746,69
101119746,143
101119746,387
101113570,143
101113570,176
101113570,387
101247760,143
101247760,305
101247760,387
101155733,82
101155733,328
101155733,330
101155733,378
101155733,402
101170381,328
101170381,781
101169761,109
101169761,239
101169761,328
101169761,472
101205112,328
101205112,449
101205112,796
101210559,82
101210559,328
101109662,318
101109662,328
101109662,351
101109662,378
101109662,809
101139828,328
101248173,127
101248173,330
101248173,380
101248173,796
101053801,127
101053801,351
101053801,796
101119602,127
101119602,338
101072637,127
101072637,143
101125858,777
101125858,786
101125858,851
101076233,351
101076233,777
101076233,836
101076233,866
101227218,32
101227218,127
101227218,305
101141332,69
101141332,348
101141332,390
101141332,1022
101040197,348
101040197,381
101040197,390
101040197,402
101040197,471
101152284,53
101152284,390
101194491,69
101194491,313
101062692,131
101062692,279
101062692,472
101212189,81
101212189,131
101212189,312
101212189,1015
101113983,313
101234366,127
101234366,313
101234366,836
101154937,131
101154937,348
101209173,53
101209173,131
101102140,131
101102140,143
101102140,176
101102140,313
101153432,87
101153432,131
101153432,307
101234224,131
101234224,313
101234224,836
101105235,131
101105235,310
101078608,131
101078608,650
101088032,131
101088032,378
101088032,383
101088032,1015
101135927,131
101135927,329
101135927,392
101135927,836
101185617,330
101185617,818
101217820,22
101217820,818
101150340,305
101150340,796
101150340,818
101154361,110
101154361,330
101154361,350
101154361,682
101154361,818
101097693,318
101097693,348
101097693,377
101097693,809
101097693,818
101080374,387
101080374,796
101080374,818
101135845,350
101135845,818
101118915,328
101118915,348
101118915,350
101118915,818
101100718,176
101100718,350
101100718,351
101100718,448
101100718,818
101060143,818
101042349,330
101042349,380
101042349,818
101042349,1022
101110229,22
101110229,143
101110229,387
101110229,818
101110229,874
101113334,818
101208259,143
101208259,387
101208259,818
101040179,351
101040179,796
101040179,818
190188855,36
190188855,69
190188855,796
190188855,818
101106833,818
101089099,330
101089099,381
101089099,593
101089099,796
101089099,818
101104148,143
101104148,175
101104148,818
101131418,350
101131418,796
101131418,818
101123037,329
101123037,796
101123037,818
101106271,305
101106271,330
101106271,449
101106271,818
101064471,818
101042315,148
101042315,351
101042315,818
101115420,796
101115420,818
101145886,68
101145886,305
101145886,402
101145886,818
101145886,866
101087343,330
101087343,351
101087343,781
101087343,796
101087343,818
101042672,330
101042672,449
101042672,796
101042672,818
101135288,380
101135288,449
101135288,796
101135288,818
101166915,350
101166915,380
101166915,796
101166915,818
101109971,111
101109971,351
101109971,796
101109971,818
101152619,330
101152619,818
101219179,148
101219179,380
101219179,796
101219179,818
101209686,351
101209686,547
101209686,582
101209686,818
101062372,318
101062372,402
101062372,818
101087901,110
101087901,351
101087901,380
101087901,593
101087901,818
101170907,818
101040409,377
101040409,818
101135699,148
101135699,380
101135699,521
101135699,796
101131550,72
101131550,127
101116984,68
101116984,111
101116984,166
101116984,196
101116984,402
101040164,50
101040164,348
101040164,459
101069515,305
101069515,330
101069515,380
101069515,796
101135785,818
101054098,334
101054098,504
101054098,523
101054098,796
101054098,954
101219185,323
101219185,379
101209363,82
101209363,97
101209363,377
101209363,471
101209363,825
101154412,82
101154412,588
101154412,776
101076437,196
101076437,330
101076437,796
101076437,818
101155089,111
101155089,196
101155089,382
101155089,547
101155089,579
101129734,196
101129734,408
101129734,508
101129734,792
101129734,799
101170022,196
101170022,330
101170022,348
101170022,717
101170022,781
101046790,124
101046790,196
101046790,330
101046790,380
101046790,419
101117845,196
101117845,796
101117845,818
101148934,141
101148934,196
101148934,348
101148934,1032
101188682,796
101170123,94
101170123,350
101170123,378
101170123,818
101150440,119
101150440,351
101150440,796
101150440,818
101059999,52
101059999,81
101059999,157
190120340,818
101129663,329
101129663,796
101129663,803
101215241,127
101215241,143
101215241,803
101215241,818
101115190,796
101135853,471
101146565,377
101088589,1029
101081458,111
101081458,113
101162059,506
101135931,329
101095857,808
101095857,860
101220181,111
101169611,115
101119552,111
101119552,378
101086394,377
101086394,378
101086394,503
101086123,56
101086123,111
101086123,378
101166026,424
101130724,118
101130724,129
101130724,472
190125825,330
190125825,796
190125825,836
101169765,330
101225759,111
101247472,319
101141922,860
101080086,110
101080086,111
101080086,356
101080086,796
101204057,808
101204057,860
101073795,520
101220401,503
101220401,796
101065263,808
101065263,860
101113088,329
101113088,330
101113088,411
101161522,95
101113173,305
101113173,330
101113173,380
101113173,796
190183782,377
190183782,796
101185817,110
101185817,139
101185817,380
101185817,796
101136719,330
101136719,380
101136719,582
101136719,727
101214315,796
101214315,838
190110172,305
190110172,796
190110172,836
101046968,796
101099699,329
101099699,348
101099699,380
101099699,547
101099699,796
101099230,111
101099230,380
101112839,783
101218305,796
101115575,113
101115575,349
101115575,579
101218392,781
101054448,111
101054448,330
101054448,579
101171399,111
101221746,471
101066761,330
101066761,796
101114881,796
101221560,796
101210170,348
101142136,348
101163189,815
101169608,330
101169608,416
101169608,1022
101039636,307
101039636,329
101039636,338
101039636,631
101065967,195
101065967,307
101065967,380
101065967,781
101065967,796
101064498,348
101064498,471
101219872,30
101219872,355
101039522,110
101039522,349
101039522,796
101039522,954
101041435,796
101070558,490
101207688,378
101211351,860
101211351,892
101208898,227
101208898,330
101208898,380
101208898,521
101208898,809
101202109,305
101208849,378
101202316,559
101202316,796
101202316,964
101208590,111
101208590,378
101204890,796
101209198,330
101202083,381
101202083,860
101203692,796
101209080,378
101209080,796
101202714,330
101202714,781
101122583,811
101077500,795
101125449,111
101115822,378
101115822,969
101149037,308
101153392,771
101040907,503
101148556,796
101042080,796
101042080,838
101042080,840
101151501,329
101151501,796
101149067,635
101055224,334
101055224,349
101055224,796
101149691,338
101062717,338
101226674,68
101226674,118
101226674,725
101201649,111
101199663,377
101199663,378
101199663,503
101199663,519
101199663,815
101200505,111
101171295,330
101171295,1022
101116043,136
101116043,378
101219560,110
101219560,338
101117835,471
101117835,519
101117835,543
101117835,682
101076972,401
101076972,472
101076972,622
101076972,795
101076972,1015
101040624,18
101061805,82
101061805,771
101149076,808
101149076,860
101119489,329
101119489,411
101170147,373
101164551,378
101164551,503
101164551,1029
101117338,378
101087692,111
101098279,836
101088193,795
101063946,859
101063946,860
101063135,377
101065605,111
101055186,329
101066064,503
101041499,56
101041499,503
101041499,815
101053167,30
101053167,95
101164895,859
101164895,860
101212809,866
101170304,836
101170304,860
101170304,866
101170304,892
101125637,808
101142020,87
101125173,559
101125173,736
101149209,378
101146984,141
101146984,179
101146984,398
101146984,1022
101115511,378
101067180,110
335086,893
909231,375
626373,87
626373,354
626373,961
339760,354
339760,503
339760,1039
299990,795
250465,110
220498,472
220498,796
908108,105
908108,176
908108,471
908108,612
908108,796
278208,111
278208,318
278208,538
278208,796
329430,18
329430,56
329430,111
224793,111
224793,170
224793,373
224793,506
224793,850
622876,69
622876,373
622876,771
203479,350
203479,538
203479,796
293900,111
293900,131
334228,22
334228,808
334228,862
334228,966
334228,984
230785,111
230785,136
230785,623
230785,628
628912,22
628912,111
628912,119
298811,113
298811,330
298811,349
298811,471
298811,818
625198,330
276973,318
276973,329
276973,330
276973,348
276973,471
299264,131
299264,307
299264,312
299264,472
299264,809
338580,110
338580,131
338580,416
329098,51
329098,378
329098,815
329098,852
329098,918
630978,87
630978,111
630978,383
630978,454
630978,1015
322150,111
322150,387
322150,516
322150,736
322150,818
321952,196
299890,866
279619,348
279619,623
303742,113
303742,338
303742,351
303742,458
303742,866
631064,351
618188,351
618188,796
618188,866
255038,124
255038,251
255038,383
255038,454
255038,1015
202499,350
202499,796
202499,818
220105,349
220105,796
220957,351
220957,796
227959,796
236395,111
236395,796
236395,818
237241,111
237241,796
224886,22
224886,111
224886,334
224886,387
224886,796
320731,111
320731,334
320731,387
320731,796
289305,349
289305,350
289305,387
289305,579
289305,818
621724,87
621724,353
621724,381
621724,503
621724,1039
229893,251
229893,558
316897,108
316897,111
316897,126
253214,166
253214,318
253214,471
253214,475
253214,476
618258,111
618258,351
618258,796
618258,818
300036,227
300036,471
300036,809
270324,128
270324,330
270324,334
270324,380
270324,425
320651,118
320651,381
320651,808
321918,111
321918,373
321918,375
321918,682
627976,378
627976,744
627976,863
306504,373
306504,377
306504,471
306504,547
306504,623
339081,22
339081,226
339081,310
339081,332
228074,56
228074,87
228074,430
291371,111
291371,136
291371,378
291371,771
331159,110
236417,682
236417,796
276781,110
276781,350
276781,796
270843,351
270843,796
270843,818
627478,378
627478,579
627478,612
627478,818
307663,378
307663,503
278011,215
278011,373
278011,519
278011,918
278011,1029
318516,448
272113,349
272113,381
272113,736
272113,863
272113,866
236345,111
236345,305
236345,796
236345,818
239937,111
239937,115
239937,373
239937,796
329851,380
329851,475
329851,796
329851,818
227844,68
227844,349
227844,818
227844,954
330487,111
330487,387
330487,796
330487,818
330487,954
338957,471
338957,809
299141,22
299141,111
239351,796
239351,818
340210,113
340210,351
340210,519
340210,796
340210,866
298742,111
298742,623
298742,796
319360,18
319360,111
319360,134
319360,380
319360,796
304249,351
304249,796
307379,338
307379,471
307379,485
307379,505
307379,818
302158,348
302158,349
302158,796
219632,318
219632,330
219632,424
219632,471
219632,796
952165,69
952165,87
952165,836
101003292,348
101003292,472
101003292,546
948047,139
948047,346
871130,227
853443,355
891889,852
865411,56
865411,355
865411,412
865411,509
865411,795
865870,111
834290,136
834290,351
834290,377
834735,18
834735,811
834735,815
846181,146
846181,472
846181,635
805080,381
805080,809
818761,796
749316,111
749316,115
749316,334
749316,387
749316,954
885394,387
885394,392
885394,839
820505,387
820505,796
820505,1026
820505,1038
780701,387
780701,796
780701,893
101002845,387
714294,387
714294,796
705194,111
705194,305
705194,387
705194,668
705194,796
947821,387
661338,108
661338,110
661338,349
661338,387
661338,866
801285,176
801285,330
801285,387
801285,612
801285,796
101020788,387
101020788,796
101020005,387
101020005,638
101020005,796
694925,175
694925,504
694925,628
694925,878
694925,998
101031489,111
101031489,175
101031489,796
693604,175
693604,176
693604,387
693604,612
693604,796
752491,336
752491,397
752491,450
752491,1015
862721,380
862721,448
862721,521
862721,796
894103,148
894103,808
894103,811
894103,836
894103,892
791122,148
791122,381
791122,860
883830,98
883830,348
883830,1023
834024,98
834024,680
834024,796
752608,98
851421,98
851421,348
882848,330
882848,351
882848,866
794842,111
794842,119
794842,387
864008,119
864008,305
898663,119
898663,136
898663,377
898663,378
898663,582
692891,119
692891,198
692891,354
692891,472
692891,1034
681456,23
681456,50
681456,119
681456,179
681456,334
894326,109
894326,330
894326,380
894326,682
894326,796
700189,109
700189,338
700189,348
700189,378
700189,401
839217,69
839217,98
839217,110
839217,382
839217,796
747228,69
747228,381
747228,744
747228,828
747228,858
703446,355
703446,461
703446,472
703446,505
703446,835
748895,53
748895,355
748895,472
748895,771
748895,835
706415,69
706415,87
706415,111
706415,472
706415,528
828826,69
828826,334
828826,355
828826,504
828826,796
951821,69
819317,69
819317,387
676580,69
676580,87
676580,98
676580,118
676580,561
794750,22
794750,111
794750,119
794750,682
794750,796
894805,22
894805,330
894805,540
713682,22
713682,346
713682,387
713682,796
820495,69
820495,355
820495,796
842694,227
842694,318
842694,348
842694,382
770929,22
770929,148
770929,329
770929,796
750905,22
750905,111
750905,334
841534,22
841534,111
841534,334
805021,36
805021,305
805021,318
805021,348
660231,69
660231,329
660231,348
660231,796
660231,919
750280,184
750280,236
750280,558
750280,774
750280,805
796619,69
796619,387
796619,490
796619,796
796619,839
891400,69
891400,87
752898,69
752898,195
752898,318
752898,475
752898,579
810002,50
810002,126
810002,329
644729,69
644729,387
644729,392
644729,490
644729,567
839847,69
839847,170
839847,836
840550,69
840550,87
840550,330
840550,355
840550,380
880605,69
880605,338
101001890,69
814487,69
814487,355
814487,386
814487,561
814487,796
798196,69
798196,348
798196,377
798196,472
798196,682
786714,22
786714,472
786714,1020
883256,82
883256,329
883256,330
883256,383
883256,1022
679001,50
679001,383
890300,348
890300,558
767912,472
767912,558
767912,795
767912,838
767912,847
953418,69
953418,111
953418,251
953418,558
706349,115
706349,519
706349,682
706349,811
706349,862
794563,793
798532,69
798532,109
798532,338
798532,468
798532,793
832488,793
832488,825
832488,919
678169,378
678169,383
678169,622
678169,771
678169,793
648328,69
648328,373
648328,402
648328,579
648328,809
702635,206
702635,330
702635,402
702635,430
702635,472
842901,111
842901,305
842901,377
842901,402
842901,796
681164,334
681164,348
681164,402
681164,471
681164,962
715620,87
715620,318
715620,402
715620,482
715620,682
751859,305
751859,373
751859,381
751859,402
751859,796
101032967,109
101032967,402
101032967,796
773122,110
773122,148
773122,382
773122,402
773122,1022
640800,115
640800,170
640800,378
640800,402
657004,377
657004,381
657004,402
657004,796
657004,874
704998,227
704998,402
704998,796
704998,809
951541,119
951541,402
951541,796
951541,809
951541,866
893915,353
893915,377
893915,402
893915,538
707636,111
707636,355
707636,373
707636,402
707636,793
101030915,111
101030915,402
101030915,744
101030915,863
844511,375
844511,378
844511,380
844511,402
818064,69
818064,348
818064,402
818064,799
818064,809
862683,69
862683,227
862683,330
862683,402
871740,330
871740,781
871740,794
871740,796
640079,111
640079,355
640079,380
640079,387
640079,561
817581,796
871900,176
850641,330
850641,351
850641,380
850641,796
893943,87
893943,113
893943,338
893943,351
893943,485
101029345,69
101029345,351
101029345,377
101029345,402
101029345,796
741734,348
741734,351
741734,796
741734,866
899558,22
899558,351
899558,796
788932,318
788932,351
788932,402
804273,330
804273,351
804273,378
101001310,351
101001310,796
714005,111
714005,338
714005,348
714005,351
714005,802
101031415,111
101031415,305
101031415,351
101031415,796
703195,111
703195,348
703195,351
703195,471
703195,623
862046,351
862046,380
862046,472
862046,561
862046,796
893743,68
893743,69
893743,349
893743,351
893743,402
637928,111
637928,348
637928,351
637928,380
637928,682
788185,227
788185,318
788185,351
788185,378
788185,919
716559,330
716559,351
716559,402
716559,796
716559,866
786020,318
786020,348
786020,351
786020,402
725636,351
101007322,177
101007322,351
101007322,561
101007322,796
101033521,110
101033521,351
101033521,796
101033521,809
654469,351
654469,377
654469,402
654469,866
654469,962
659653,113
659653,330
659653,348
659653,351
659653,866
851931,351
851931,860
832814,111
832814,351
832814,796
964398,330
964398,351
964398,378
964398,781
964398,836
832256,351
832256,796
832256,866
885413,348
885413,351
899561,351
899561,796
864483,351
864483,377
864483,380
864483,796
864483,866
803047,351
804988,330
804988,351
804988,796
946372,351
946372,796
832645,330
832645,351
832645,378
832645,402
832645,796
788715,351
795111,351
795111,809
795111,866
656129,349
656129,351
656129,402
656129,796
656129,866
833350,348
833350,351
833350,547
751047,351
751047,382
751047,472
751047,682
751047,919
681260,351
681260,375
681260,377
681260,381
749150,111
749150,113
749150,115
749150,351
749150,796
757725,318
757725,351
757725,402
757725,796
757725,866
862893,118
862893,351
862893,377
862893,472
862893,796
787515,351
787515,378
787515,402
787515,471
787515,866
828948,330
828948,351
828948,402
828948,796
746150,351
746150,449
746150,796
746150,866
787414,348
787414,351
787414,402
787414,796
787414,866
716655,111
716655,330
716655,351
677061,87
677061,111
677061,351
677061,402
694272,113
694272,351
694272,377
694272,796
796603,351
796603,380
796603,471
796603,562
796603,682
101022949,351
101022949,380
101022949,796
660532,351
660532,537
660532,638
660532,866
841673,307
841673,312
841673,348
841673,372
841673,383
758911,111
758911,312
758911,380
758911,387
690853,66
690853,179
690853,771
690853,835
706724,349
706724,350
657261,111
657261,350
657261,796
657261,906
657261,1038
829153,330
829153,350
780284,350
780284,472
780284,847
752822,69
752822,111
752822,350
752822,866
752822,1022
956387,330
956387,350
956387,448
852428,305
852428,329
852428,350
852428,380
852428,796
899912,348
899912,350
899912,796
745944,110
745944,111
745944,350
745944,351
745944,538
840450,115
840450,305
840450,350
840450,796
716648,113
716648,307
716648,350
716648,351
795107,111
795107,350
795107,796
838454,111
838454,318
838454,350
838454,538
838454,796
964191,330
964191,350
964191,380
820314,350
820314,791
820314,796
820314,1038
818195,350
818195,387
818195,796
818195,1030
101032241,227
101032241,348
101032241,350
810451,350
810451,351
810451,402
810451,435
810451,809
800986,157
800986,355
800986,875
642069,87
642069,170
642069,804
642069,836
642069,859
844265,519
691209,87
691209,111
691209,113
691209,350
691209,612
101024314,378
101027251,111
885155,81
885155,540
101026616,81
101026616,111
101026616,251
101026616,312
949119,111
949119,350
949119,351
101028468,110
101028468,351
101028468,809
805031,143
805031,387
805031,796
639366,143
639366,387
639366,796
679924,111
679924,143
679924,387
679924,482
679924,796
750602,68
750602,143
750602,349
750602,387
750602,875
757772,111
757772,143
757772,338
757772,796
101025848,111
101025848,143
101025848,355
101025848,504
101025848,796
820445,69
820445,143
820445,796
645622,69
645622,143
645622,387
645622,796
645622,839
639560,111
639560,118
639560,143
639560,561
639560,736
681311,111
681311,118
681311,143
681311,251
681311,796
747927,328
747927,334
747927,380
747927,781
747927,809
741002,472
741002,622
741002,627
741002,777
811363,777
658173,146
658173,390
832237,69
832237,312
832237,390
765739,348
765739,390
765739,472
765739,836
712721,328
712721,334
712721,349
712721,402
712721,775
668679,22
668679,148
668679,808
844161,68
844161,349
844161,458
844161,796
795605,458
795605,651
795605,771
795605,825
795605,936
797121,111
797121,113
797121,458
852236,111
852236,318
852236,458
770754,374
770754,458
897890,313
897890,698
824143,87
824143,313
824143,482
757850,131
772834,131
772834,355
101018180,313
101018180,836
863481,131
863481,377
863481,390
659545,131
659545,338
659545,397
659545,416
657424,131
657424,330
657424,380
657424,402
657424,908
946528,305
946528,313
946528,796
951852,69
951852,313
951852,330
951852,380
951852,796
757111,82
757111,131
757111,372
966781,131
966781,355
966781,805
966781,831
658705,32
658705,111
658705,131
658705,472
658705,521
851504,131
851504,796
892003,79
892003,131
892003,332
892003,338
892003,416
101025672,131
101025672,338
101025672,355
101025672,381
101025672,472
817977,131
817977,472
832697,131
832697,348
813242,796
813242,818
703860,79
703860,131
703860,378
703860,472
703860,793
820391,796
820391,818
795121,796
795121,818
705278,53
705278,111
705278,338
705278,387
705278,818
702084,796
702084,818
862035,330
862035,796
862035,818
707364,111
707364,380
707364,593
707364,796
707364,818
836849,98
836849,402
836849,472
836849,818
751016,355
751016,380
751016,425
751016,818
751016,964
746843,68
746843,330
746843,349
746843,796
746843,818
656530,68
656530,349
656530,378
656530,387
656530,818
703193,111
703193,330
703193,558
703193,796
703193,818
695188,111
695188,330
695188,796
695188,818
753067,330
753067,350
753067,471
753067,612
753067,818
743949,350
743949,818
714235,111
714235,471
714235,682
714235,796
714235,818
745608,68
745608,349
745608,471
745608,628
745608,818
648613,351
648613,471
648613,572
648613,796
648613,818
772627,111
772627,143
772627,516
772627,796
772627,818
656093,330
656093,349
656093,380
656093,612
656093,818
804247,818
747866,330
747866,382
747866,593
747866,796
747866,818
841618,110
841618,796
841618,818
707438,176
707438,475
707438,612
707438,796
707438,818
725920,68
725920,330
725920,334
725920,349
725920,818
789463,68
789463,330
789463,818
655161,111
655161,348
655161,354
655161,449
655161,818
101025664,387
101025664,402
101025664,818
641039,22
641039,111
641039,251
641039,324
641039,818
840393,148
840393,176
840393,329
840393,796
840393,818
840453,796
840453,818
676108,330
676108,348
676108,380
676108,796
676108,818
820423,68
820423,330
820423,818
752285,318
752285,350
752285,579
752285,818
752285,943
817021,346
817021,473
817021,567
817021,612
817021,818
749971,349
749971,351
749971,387
749971,796
749971,818
852410,377
852410,818
846073,796
846073,818
648667,111
648667,796
648667,818
835791,796
835791,818
669550,338
669550,348
669550,351
669550,402
669550,818
703926,111
703926,351
703926,378
703926,682
703926,818
639172,110
639172,111
639172,377
639172,572
639172,818
846353,68
846353,330
846353,402
846353,818
679531,330
679531,796
679531,809
679531,818
702406,110
702406,111
702406,818
702406,1022
795159,111
795159,796
795159,818
854843,69
854843,348
854843,350
854843,818
854843,866
866365,348
866365,351
866365,796
866365,809
866365,818
694097,402
694097,572
694097,818
694097,866
694097,908
661191,330
661191,380
661191,381
661191,449
661191,818
899544,796
899544,818
759388,330
759388,380
759388,471
759388,796
759388,818
786702,53
786702,68
786702,349
786702,818
786702,836
756365,110
756365,818
840968,110
840968,796
840968,818
654603,68
654603,349
654603,378
654603,387
654603,818
742745,111
742745,350
742745,355
742745,387
742745,818
789642,349
789642,449
789642,612
789642,796
789642,818
753788,796
753788,818
702304,330
702304,449
702304,818
843706,68
843706,111
843706,119
843706,448
843706,818
751883,330
751883,380
751883,547
751883,796
751883,818
659012,330
659012,334
659012,350
659012,380
659012,818
820378,205
820378,382
820378,796
820378,818
658073,346
658073,796
658073,818
708201,111
708201,377
708201,516
708201,796
708201,818
884745,380
884745,547
884745,796
884745,818
101022402,68
101022402,349
101022402,796
101022402,818
851740,351
851740,796
851740,818
884676,355
884676,504
884676,579
884676,796
884676,818
758053,351
758053,380
758053,612
758053,796
758053,818
844591,349
844591,380
844591,382
844591,402
844591,818
101001512,175
101001512,312
101001512,818
724707,143
724707,349
724707,612
724707,796
724707,818
865230,818
792727,351
792727,796
792727,818
679342,68
679342,330
679342,349
679342,796
679342,818
657497,349
657497,351
657497,378
657497,612
657497,818
863313,351
863313,389
863313,435
863313,796
863313,818
750886,68
750886,111
750886,560
750886,818
861950,329
861950,330
861950,380
861950,461
953234,81
953234,240
953234,348
953234,350
953234,792
779391,69
779391,387
779391,796
756277,319
756277,380
756277,809
756277,898
756277,962
800942,349
800942,350
800942,612
800942,818
800942,964
899794,143
899794,350
899794,377
851768,380
851768,572
851768,795
951224,328
951224,350
951224,428
745598,18
745598,195
745598,196
745598,350
792853,196
792853,796
792853,818
792853,1032
789104,110
789104,196
789104,318
789104,402
789104,818
899354,111
899354,196
899354,351
899354,796
101002812,82
101002812,94
101002812,348
101002812,771
874827,94
874827,126
874827,181
874827,414
815749,15
815749,251
815749,343
815749,355
815749,558
736112,68
736112,196
736112,349
736112,387
736112,796
823830,52
823830,60
823830,69
823830,307
823830,389
746309,251
746309,312
746309,434
746309,805
746309,890
894761,796
894761,809
894761,919
657359,166
657359,346
657359,803
657359,1022
657359,1043
871764,227
871764,796
871764,803
820363,355
820363,472
820363,796
101031655,682
101020369,799
955756,324
896850,329
896850,378
896850,808
896850,836
896850,838
952335,136
657176,381
657176,744
101019431,113
101019431,353
101019431,381
101019431,519
101018390,291
101018390,332
101018390,795
101018390,796
101018390,852
742052,111
742052,378
742052,490
742052,519
742052,918
773048,305
773048,809
773048,919
803862,72
803862,111
803862,796
701221,111
701221,373
701221,796
653846,377
653846,381
653846,471
653846,579
653846,866
754303,18
754303,32
754303,36
754303,113
754303,305
804286,381
804286,490
804286,744
957189,411
957189,683
644121,114
644121,375
644121,381
644121,472
644121,804
800994,329
865075,860
681908,215
681908,381
681908,490
681908,744
681908,863
759063,56
101001976,796
101001318,319
955479,23
637019,381
637019,490
637019,808
637019,918
637019,966
948893,796
789028,56
789028,330
789028,346
789028,794
789028,1025
757996,176
757996,1026
757996,1029
884762,796
787320,378
765048,87
765048,88
765048,170
765048,623
765048,1034
898125,796
899018,111
899018,198
899018,305
899018,380
899018,796
844947,796
844947,866
708475,111
708475,380
708475,796
657510,744
657510,863
817482,110
817482,796
861097,380
701599,330
701599,809
800306,111
800306,380
800306,796
829044,381
829044,475
829044,476
829044,504
641122,111
641122,377
641122,538
641122,736
641122,866
766563,118
766563,332
766563,334
766563,348
766563,908
828841,334
828841,476
828841,504
828841,838
851716,796
679124,136
679124,471
679124,795
679124,796
771971,623
771971,808
771971,862
771971,882
771971,966
949202,227
949077,808
677368,381
677368,490
677368,859
677368,860
677368,918
655416,413
101019620,808
695088,506
725110,381
725110,808
725110,850
725110,966
957440,95
957440,796
670298,377
670298,378
670298,381
670298,503
670298,744
865751,373
637618,378
637618,519
637618,628
637618,900
637618,918
724473,329
724473,355
724473,561
724473,579
724473,796
716142,146
716142,348
716142,468
677013,82
677013,88
677013,239
677013,771
724629,201
724629,417
724629,439
724629,1053
864583,113
864583,381
864583,863
864583,866
724177,30
724177,111
810504,330
810504,380
810504,796
810504,838
948493,355
948493,796
948493,919
683069,87
683069,111
683069,170
683069,348
683069,375
947603,796
947778,378
947778,815
676970,354
676970,816
101019907,87
101019907,116
101019907,375
101019907,381
101019907,472
832833,378
832833,490
740006,859
740006,860
740006,906
758077,334
758077,377
758077,682
758077,796
758077,1030
101003378,496
101003378,796
741121,354
741121,796
715861,381
715861,628
715861,858
715861,863
715861,866
692854,54
692854,87
692854,378
692854,490
692854,852
647107,239
647107,338
647107,348
647107,472
647107,623
771891,111
771891,113
771891,114
771891,115
771891,377
648229,329
648229,796
648229,1030
757978,381
101020016,136
101020016,381
101020016,472
101020016,519
647356,381
647356,808
647356,850
647356,966
772099,32
772099,381
772099,808
772099,966
647020,136
647020,158
647020,307
647020,338
647020,521
715594,521
715594,682
767176,796
885414,72
666981,87
666981,355
666981,378
666981,918
666981,1029
772466,378
637844,375
637844,381
637844,503
637844,744
637844,858
694712,808
694712,811
834266,796
742265,110
742265,111
742265,506
742265,924
714850,348
714850,471
714850,505
714850,796
101027667,471
101027667,809
764759,18
764759,32
764759,796
951761,136
951761,305
951761,392
835776,87
835776,472
835776,771
785902,111
785902,796
829005,380
829005,781
829005,796
796725,110
796725,111
895747,348
895747,355
895747,378
895747,382
895747,623
750777,330
750777,348
750777,382
750777,547
750777,796
892943,348
892943,803
745336,348
745336,472
745336,881
101024788,329
101024788,348
101024788,796
101024788,919
101025315,198
101025315,377
101025315,381
101025315,519
704192,68
704192,334
704192,349
704192,796
894790,836
894790,859
825999,44
825999,79
825999,317
825999,336
825999,379
896978,111
896978,378
896978,538
101017194,380
840691,346
840691,796
101018193,18
101018193,349
101018193,471
101018193,796
960217,95
960217,582
960217,796
101023822,796
890711,111
890711,113
890711,628
890711,796
890711,906
897158,180
897158,796
896401,796
893012,115
893012,378
893012,490
893012,796
893012,918
796048,796
796048,921
101027187,471
101027187,796
101027187,809
750523,18
750523,111
750523,796
892728,166
892728,377
892728,471
892728,682
892728,796
968614,110
968614,796
868058,380
868058,796
954530,177
954530,380
954530,796
898759,377
898759,381
898759,954
748921,338
748921,380
748921,796
748921,919
748921,921
813942,332
813942,375
813942,381
813942,744
813942,795
101023276,330
101023276,382
101023276,796
898860,110
898860,330
898860,378
898860,796
969201,305
969201,796
959521,305
959521,796
659920,353
659920,503
659920,623
659920,852
659920,1039
101030346,852
891169,355
891169,375
891169,378
891169,744
843960,381
843960,519
843960,744
843960,808
843960,918
764850,111
764850,378
764850,561
764850,808
688539,380
688539,796
952223,796
794733,136
794733,158
794733,482
895355,146
895355,389
895355,472
700140,111
700140,373
700140,472
700140,482
700140,623
657070,332
657070,472
657070,572
657070,623
657070,809
101033630,381
101033630,472
101033630,519
891647,472
895473,111
895473,449
895473,472
895473,538
895473,796
101024149,110
101024149,198
101024149,239
101030988,110
101030988,375
101030988,381
101030988,519
101030988,628
101025095,87
101025095,378
101025095,381
101025095,744
101025095,808
101031846,242
101031846,379
101031846,519
101031846,814
895141,18
895141,111
895141,503
895141,900
896690,378
896690,490
896690,808
896690,918
896690,966
877044,177
877044,186
877044,329
877044,559
877044,623
878074,95
878074,582
843134,170
843134,381
843134,866
788215,87
788215,380
788215,1055
746442,111
746442,355
746442,373
746442,425
746442,504
747178,381
747178,490
747178,859
747178,918
747178,966
661317,82
661317,379
661317,416
661317,560
661317,612
659151,378
659151,381
659151,744
659151,858
659151,863
101030447,332
101030447,353
101030447,519
101030447,623
885904,111
885904,373
896848,85
896848,97
896848,136
896848,145
896848,521
890472,506
890472,744
890472,836
890472,881
890472,964
836343,111
800130,355
800130,504
750092,170
750092,355
750092,371
750092,381
750092,808
696331,51
696331,118
696331,260
696331,354
748549,349
748549,425
748549,504
748549,812
748549,906
